,fixed_acidity,citric_acid,residual_sugar,chlorides,free_sulfur_dioxide,total_sulfur_dioxide,density,pH,sulphates,alcohol,total_acidity,quality,color
0,-0.8798967185441207,-0.3433499221218837,-0.6018558550801113,0.9283576011300194,0.7733734190651295,-1.2252102526556603,0.6927646345938684,0.577715638229384,0.8618424889051409,-0.06787032960160598,0.9634848518599826,5.623904881101376,0.01939924906132666
1,0.2870126467102474,0.11199697398464388,0.19631877044662546,-0.30282005442044724,-0.25226591624128974,0.39965012936185856,-0.22597221597898035,-0.18844449681374525,-0.28112355527054883,0.022138556175417545,-0.3142781778469595,5.881812614819351,0.9934680547050418
