,fixed_acidity,citric_acid,residual_sugar,chlorides,free_sulfur_dioxide,total_sulfur_dioxide,density,pH,sulphates,alcohol,total_acidity,quality,color
0,0.2928150622625562,0.2693967200769143,1.2103029693488068,-0.10645185564072689,-0.20369235662525867,0.9108995890437597,0.7780097533369891,-0.3980076270641958,-0.2700084619448816,-0.8039138636847429,-0.18755148678804626,5.614741244119185,0.9947726084683742
1,-0.8610835196890535,-0.3216121141820876,-0.6129338225551605,0.9498603055768226,0.7837175287089668,-1.2301542484944157,0.7075225020426291,0.5528621180294069,0.8551672699199582,-0.10829974846378128,0.9981458406195833,5.617927527018436,0.017800381436745075
2,0.2638090874668244,-0.0031418365654975037,-0.44874283543175014,-0.42859111950568957,-0.2800146776602745,0.06392617703122,-0.863920808318412,-0.035956001689283514,-0.2752082125152903,0.5673340171246913,-0.40229073831586665,6.052474261042843,0.9853869146462969
